step,sla_met,sla_embb_step,sla_urllc_step,sla_mmtc_step,sla_avg_step,total_throughput,bandwidth_util,decision_latency,token_usage,reward,alloc_embb,alloc_urllc,alloc_mmtc,sla_rate_embb,sla_rate_urllc,sla_rate_mmtc,seed,scenario,method
0,"[False, True, True]",0,1,1,0.6666666666666666,5213.333333333333,0.552,10.957942724227905,1281,0.4322666666666667,0.08333333333333334,0.5833333333333334,0.33333333333333337,0.0,1.0,1.0,42,steady,M5-NoNeg
1,"[False, True, False]",0,1,0,0.3333333333333333,5449.743589743591,0.452,7.603695869445801,1246,0.25226666666666664,0.19230769230769232,0.7435897435897436,0.06410256410256411,0.0,1.0,0.5,42,steady,M5-NoNeg
2,"[False, True, False]",0,1,0,0.3333333333333333,6343.272727272726,0.517,6.384660959243774,1235,0.24398888888888887,0.27272727272727276,0.6727272727272727,0.05454545454545454,0.0,1.0,0.3333333333333333,42,steady,M5-NoNeg
3,"[True, True, False]",1,1,0,0.6666666666666666,7057.233107706922,0.44825000000000004,7.988587856292725,1254,0.31780833333333336,0.3800023750148438,0.5700035625222657,0.04999406246289039,0.25,1.0,0.25,42,steady,M5-NoNeg
4,"[True, True, False]",1,1,0,0.6666666666666666,7763.999999999998,0.46975,7.380232810974121,1248,0.34092500000000003,0.38,0.57,0.05,0.4,1.0,0.2,42,steady,M5-NoNeg
5,"[False, True, False]",0,1,0,0.3333333333333333,7680.033250207813,0.60775,7.466161251068115,1247,0.2989916666666666,0.42750267189169927,0.5225032656454103,0.04999406246289039,0.3333333333333333,1.0,0.16666666666666666,42,steady,M5-NoNeg
6,"[True, True, False]",1,1,0,0.6666666666666666,6408.333993061216,0.515,8.392355918884277,1253,0.3497380952380953,0.46569026940182084,0.4843178801778937,0.04999185042028547,0.42857142857142855,1.0,0.14285714285714285,42,steady,M5-NoNeg
7,"[True, True, False]",1,1,0,0.6666666666666666,6424.081434803683,0.49,8.464823007583618,1257,0.3511666666666666,0.4847309743092583,0.46534173533688794,0.04992729035385361,0.5,1.0,0.125,42,steady,M5-NoNeg
8,"[True, True, False]",1,1,0,0.6666666666666666,6396.0,0.48725,8.126688957214355,1259,0.3572861111111111,0.48,0.47,0.05,0.5555555555555556,1.0,0.1111111111111111,42,steady,M5-NoNeg
9,"[True, True, False]",1,1,0,0.6666666666666666,5275.0,0.546,7.658786058425903,1261,0.38046666666666673,0.48,0.47,0.05,0.6,1.0,0.1,42,steady,M5-NoNeg
10,"[True, False, True]",1,0,1,0.6666666666666666,6783.076923076922,0.43625,7.587151765823364,1255,0.34754166666666675,0.769230769230769,0.07692307692307693,0.15384615384615385,0.7,0.9,0.1,42,steady,M5-NoNeg
11,"[True, False, True]",1,0,1,0.6666666666666666,6835.6,0.54125,7.47404408454895,1253,0.39570833333333333,0.77,0.08,0.15,0.8,0.8,0.2,42,steady,M5-NoNeg
12,"[True, False, True]",1,0,1,0.6666666666666666,8120.599999999999,0.636,7.116274118423462,1250,0.4408000000000001,0.77,0.08,0.15,0.9,0.7,0.3,42,steady,M5-NoNeg
13,"[True, False, True]",1,0,1,0.6666666666666666,8120.599999999999,0.45575000000000004,8.357040166854858,1281,0.386725,0.77,0.08,0.15,0.9,0.6,0.4,42,steady,M5-NoNeg
14,"[True, False, True]",1,0,1,0.6666666666666666,6368.599999999999,0.43775,7.577882289886475,1260,0.381325,0.77,0.1,0.13,0.9,0.5,0.5,42,steady,M5-NoNeg
15,"[True, False, False]",1,0,0,0.3333333333333333,9491.302644466208,0.4955,8.89158010482788,1286,0.3319833333333333,0.7541625857002938,0.1958863858961802,0.04995102840352596,1.0,0.4,0.5,42,steady,M5-NoNeg
16,"[True, False, False]",1,0,0,0.3333333333333333,7558.000000000001,0.47725,7.676964998245239,1268,0.3098416666666666,0.75,0.2,0.05,1.0,0.3,0.5,42,steady,M5-NoNeg
17,"[True, False, False]",1,0,0,0.3333333333333333,9155.999999999998,0.57725,8.42985486984253,1265,0.32317499999999993,0.75,0.2,0.05,1.0,0.2,0.5,42,steady,M5-NoNeg
18,"[True, False, False]",1,0,0,0.3333333333333333,8256.0,0.44925,7.573885917663574,1265,0.2681083333333333,0.75,0.2,0.05,1.0,0.1,0.5,42,steady,M5-NoNeg
19,"[True, False, False]",1,0,0,0.3333333333333333,6688.0,0.46075000000000005,7.2917749881744385,1271,0.2548916666666667,0.75,0.2,0.05,1.0,0.0,0.5,42,steady,M5-NoNeg
20,"[True, False, False]",1,0,0,0.3333333333333333,6848.0,0.6054999999999999,7.726104736328125,1281,0.2816499999999999,0.75,0.2,0.05,1.0,0.0,0.4,42,steady,M5-NoNeg
21,"[True, False, False]",1,0,0,0.3333333333333333,5693.0,0.4435,6.806238889694214,1273,0.21638333333333332,0.75,0.2,0.05,1.0,0.0,0.3,42,steady,M5-NoNeg
22,"[True, False, False]",1,0,0,0.3333333333333333,5213.0,0.5365,7.754666090011597,1281,0.22761666666666663,0.75,0.2,0.05,1.0,0.0,0.2,42,steady,M5-NoNeg
23,"[False, True, False]",0,1,0,0.3333333333333333,3984.5220282626765,0.62775,7.3515849113464355,1264,0.23832499999999995,0.7125044531528322,0.23750148438427737,0.04999406246289039,0.9,0.1,0.1,42,steady,M5-NoNeg
24,"[True, False, False]",1,0,0,0.3333333333333333,3907.0,0.46475,7.944284915924072,1257,0.1727583333333333,0.71,0.24,0.05,0.9,0.1,0.0,42,steady,M5-NoNeg
25,"[True, False, False]",1,0,0,0.3333333333333333,4427.0,0.54525,6.849371910095215,1262,0.1969083333333333,0.71,0.24,0.05,0.9,0.1,0.0,42,steady,M5-NoNeg
26,"[True, False, False]",1,0,0,0.3333333333333333,5484.799999999999,0.48174999999999996,7.629570722579956,1257,0.17785833333333328,0.71,0.24,0.05,0.9,0.1,0.0,42,steady,M5-NoNeg
27,"[True, False, False]",1,0,0,0.3333333333333333,4911.400000000001,0.7005,7.74383282661438,1257,0.24348333333333333,0.71,0.24,0.05,0.9,0.1,0.0,42,steady,M5-NoNeg
28,"[True, False, False]",1,0,0,0.3333333333333333,5151.4000000000015,0.5355,7.362637042999268,1253,0.19398333333333329,0.71,0.24,0.05,0.9,0.1,0.0,42,steady,M5-NoNeg
29,"[True, False, False]",1,0,0,0.3333333333333333,5181.400000000001,0.48174999999999996,8.034749031066895,1279,0.17785833333333328,0.71,0.24,0.05,0.9,0.1,0.0,42,steady,M5-NoNeg
30,"[True, False, False]",1,0,0,0.3333333333333333,5163.8,0.62125,8.132650136947632,1270,0.21970833333333328,0.71,0.24,0.05,0.9,0.1,0.0,42,steady,M5-NoNeg
31,"[True, False, False]",1,0,0,0.3333333333333333,4770.0,0.4675,7.6882617473602295,1250,0.1735833333333333,0.71,0.24,0.05,0.9,0.1,0.0,42,steady,M5-NoNeg
32,"[True, False, False]",1,0,0,0.3333333333333333,5274.4000000000015,0.52625,7.57602596282959,1273,0.19120833333333326,0.71,0.24,0.05,0.9,0.1,0.0,42,steady,M5-NoNeg
33,"[True, False, False]",1,0,0,0.3333333333333333,5274.4000000000015,0.51725,8.442154884338379,1269,0.18850833333333328,0.71,0.24,0.05,1.0,0.0,0.0,42,steady,M5-NoNeg
34,"[True, False, False]",1,0,0,0.3333333333333333,5224.400000000001,0.493,8.038148880004883,1260,0.1812333333333333,0.71,0.24,0.05,1.0,0.0,0.0,42,steady,M5-NoNeg
35,"[True, False, False]",1,0,0,0.3333333333333333,5378.194774346794,0.547,7.746885061264038,1263,0.1974333333333333,0.67458432304038,0.2755344418052256,0.049881235154394306,1.0,0.0,0.0,42,steady,M5-NoNeg
36,"[True, True, False]",1,1,0,0.6666666666666666,5665.4,0.6082500000000001,7.6629297733306885,1268,0.29914166666666675,0.67,0.28,0.05,1.0,0.1,0.0,42,steady,M5-NoNeg
37,"[True, False, False]",1,0,0,0.3333333333333333,4236.200000000001,0.50625,10.383192777633667,1263,0.20187499999999997,0.67,0.28,0.05,1.0,0.1,0.0,42,steady,M5-NoNeg
38,"[True, False, False]",1,0,0,0.3333333333333333,5335.0,0.45575000000000004,7.590744972229004,1260,0.18672499999999997,0.67,0.28,0.05,1.0,0.1,0.0,42,steady,M5-NoNeg
39,"[False, True, False]",0,1,0,0.3333333333333333,3420.8,0.64,9.17991018295288,1266,0.242,0.67,0.28,0.05,0.9,0.2,0.0,42,steady,M5-NoNeg
40,"[False, True, False]",0,1,0,0.3333333333333333,4206.2,0.564,7.755643129348755,1249,0.2192,0.67,0.28,0.05,0.8,0.3,0.0,42,steady,M5-NoNeg
41,"[False, True, False]",0,1,0,0.3333333333333333,4206.2,0.552,7.496772766113281,1262,0.21559999999999996,0.67,0.28,0.05,0.7,0.4,0.0,42,steady,M5-NoNeg
42,"[True, False, False]",1,0,0,0.3333333333333333,3820.0,0.52625,8.979402780532837,1263,0.20787499999999998,0.67,0.28,0.05,0.7,0.4,0.0,42,steady,M5-NoNeg
43,"[True, False, False]",1,0,0,0.3333333333333333,3338.2,0.43475,7.310187816619873,1254,0.180425,0.67,0.28,0.05,0.7,0.4,0.0,42,steady,M5-NoNeg
44,"[False, True, False]",0,1,0,0.3333333333333333,2498.0000000000005,0.50725,8.377318859100342,1268,0.20217499999999994,0.67,0.28,0.05,0.6,0.5,0.0,42,steady,M5-NoNeg
45,"[False, False, False]",0,0,0,0.0,2528.0,0.629,8.175813674926758,1258,0.15536666666666665,0.67,0.28,0.05,0.5,0.5,0.0,42,steady,M5-NoNeg
46,"[False, True, False]",0,1,0,0.3333333333333333,2528.0,0.63125,7.3905909061431885,1263,0.20604166666666662,0.67,0.28,0.05,0.4,0.5,0.0,42,steady,M5-NoNeg
47,"[False, False, False]",0,0,0,0.0,3003.0,0.58375,8.093116283416748,1258,0.10845833333333332,0.67,0.28,0.05,0.3,0.5,0.0,42,steady,M5-NoNeg
48,"[False, True, False]",0,1,0,0.3333333333333333,2156.0,0.4635,6.7329490184783936,1251,0.13904999999999995,0.67,0.28,0.05,0.2,0.6,0.0,42,steady,M5-NoNeg
49,"[False, False, False]",0,0,0,0.0,2031.0,0.49524999999999997,8.60097885131836,1259,0.06524166666666664,0.67,0.28,0.05,0.2,0.5,0.0,42,steady,M5-NoNeg
50,"[False, False, False]",0,0,0,0.0,2031.0,0.53025,9.163249254226685,1259,0.05907499999999999,0.67,0.28,0.05,0.2,0.4,0.0,42,steady,M5-NoNeg
51,"[True, False, False]",1,0,0,0.3333333333333333,2792.0,0.42075,7.4580419063568115,1245,0.09289166666666665,0.67,0.28,0.05,0.3,0.3,0.0,42,steady,M5-NoNeg
52,"[False, False, False]",0,0,0,0.0,2564.0,0.4645,8.065391063690186,1244,0.022683333333333333,0.67,0.28,0.05,0.2,0.3,0.0,42,steady,M5-NoNeg
53,"[True, False, False]",1,0,0,0.3333333333333333,3448.2000000000003,0.4805,7.981033086776733,1250,0.09414999999999996,0.67,0.28,0.05,0.2,0.3,0.0,42,steady,M5-NoNeg
54,"[False, False, False]",0,0,0,0.0,2192.0,0.38275,7.258234024047852,1244,-0.01850833333333335,0.67,0.28,0.05,0.2,0.2,0.0,42,steady,M5-NoNeg
55,"[True, False, False]",1,0,0,0.3333333333333333,4146.200000000001,0.5507500000000001,7.582944869995117,1245,0.11522499999999997,0.67,0.28,0.05,0.3,0.2,0.0,42,steady,M5-NoNeg
56,"[True, False, False]",1,0,0,0.3333333333333333,5916.400000000001,0.47275,7.931604862213135,1249,0.09182499999999999,0.67,0.28,0.05,0.4,0.1,0.0,42,steady,M5-NoNeg
57,"[True, True, False]",1,1,0,0.6666666666666666,4667.0,0.5695,8.936120986938477,1253,0.22084999999999996,0.67,0.28,0.05,0.5,0.2,0.0,42,steady,M5-NoNeg
58,"[False, False, False]",0,0,0,0.0,3747.0,0.6175,8.623923063278198,1258,0.08524999999999999,0.67,0.28,0.05,0.5,0.1,0.0,42,steady,M5-NoNeg
59,"[True, False, False]",1,0,0,0.3333333333333333,3506.2000000000003,0.51475,8.951929807662964,1261,0.13775833333333332,0.67,0.28,0.05,0.6,0.1,0.0,42,steady,M5-NoNeg
60,"[False, False, False]",0,0,0,0.0,2899.9999999999995,0.51,8.240717649459839,1259,0.06966666666666665,0.67,0.28,0.05,0.6,0.1,0.0,42,steady,M5-NoNeg
61,"[False, True, False]",0,1,0,0.3333333333333333,3018.8,0.58325,8.09774398803711,1250,0.15830833333333333,0.67,0.28,0.05,0.5,0.2,0.0,42,steady,M5-NoNeg
62,"[False, True, False]",0,1,0,0.3333333333333333,2096.0,0.5085000000000001,8.21419072151184,1248,0.15255000000000002,0.67,0.28,0.05,0.5,0.3,0.0,42,steady,M5-NoNeg
63,"[False, True, False]",0,1,0,0.3333333333333333,1090.0,0.46675,8.2673180103302,1259,0.14002499999999996,0.67,0.28,0.05,0.4,0.4,0.0,42,steady,M5-NoNeg
64,"[False, True, False]",0,1,0,0.3333333333333333,1258.0,0.4025,7.626612901687622,1249,0.13741666666666663,0.67,0.28,0.05,0.4,0.5,0.0,42,steady,M5-NoNeg
65,"[False, True, False]",0,1,0,0.3333333333333333,1946.8000000000004,0.494,7.627297878265381,1244,0.16486666666666666,0.67,0.28,0.05,0.3,0.6,0.0,42,steady,M5-NoNeg
66,"[False, True, False]",0,1,0,0.3333333333333333,3076.4000000000005,0.45549999999999996,8.60171890258789,1258,0.1533166666666666,0.67,0.28,0.05,0.2,0.7,0.0,42,steady,M5-NoNeg
67,"[False, True, False]",0,1,0,0.3333333333333333,3500.4000000000005,0.595,8.813709735870361,1245,0.17849999999999994,0.67,0.28,0.05,0.1,0.7,0.0,42,steady,M5-NoNeg
68,"[False, True, False]",0,1,0,0.3333333333333333,4517.727717923604,0.54025,8.198651790618896,1245,0.17874166666666663,0.6562193927522038,0.29382957884427036,0.04995102840352596,0.1,0.8,0.0,42,steady,M5-NoNeg
69,"[True, False, False]",1,0,0,0.3333333333333333,6395.999999999999,0.5815,8.481361150741577,1263,0.19111666666666666,0.66,0.29,0.05,0.1,0.8,0.0,42,steady,M5-NoNeg
70,"[True, True, False]",1,1,0,0.6666666666666666,6426.0,0.5525,7.271428108215332,1258,0.28241666666666665,0.66,0.29,0.05,0.2,0.9,0.0,42,steady,M5-NoNeg
71,"[True, False, False]",1,0,0,0.3333333333333333,7221.599999999999,0.5635,7.632733345031738,1250,0.21905000000000002,0.66,0.29,0.05,0.3,0.8,0.0,42,steady,M5-NoNeg
72,"[True, False, False]",1,0,0,0.3333333333333333,7558.0,0.57775,7.317504167556763,1249,0.22332499999999994,0.66,0.29,0.05,0.4,0.7,0.0,42,steady,M5-NoNeg
73,"[True, True, False]",1,1,0,0.6666666666666666,7151.999999999999,0.50225,8.493817806243896,1270,0.2840083333333333,0.66,0.29,0.05,0.5,0.7,0.0,42,steady,M5-NoNeg
74,"[True, True, False]",1,1,0,0.6666666666666666,7151.999999999999,0.62725,7.459342002868652,1258,0.338175,0.66,0.29,0.05,0.6,0.7,0.0,42,steady,M5-NoNeg
75,"[True, True, False]",1,1,0,0.6666666666666666,6792.4,0.69075,7.48991584777832,1260,0.3738916666666666,0.66,0.29,0.05,0.7,0.7,0.0,42,steady,M5-NoNeg
76,"[True, True, False]",1,1,0,0.6666666666666666,5720.2,0.6265,7.305263042449951,1265,0.3712833333333333,0.66,0.29,0.05,0.8,0.7,0.0,42,steady,M5-NoNeg
77,"[True, True, False]",1,1,0,0.6666666666666666,5720.2,0.594,8.766330003738403,1256,0.3782,0.66,0.29,0.05,0.9,0.7,0.0,42,steady,M5-NoNeg
78,"[False, True, False]",0,1,0,0.3333333333333333,4295.599999999999,0.6164999999999999,7.9827940464019775,1261,0.3182833333333333,0.66,0.29,0.05,0.9,0.7,0.0,42,steady,M5-NoNeg
79,"[False, True, False]",0,1,0,0.3333333333333333,3674.1999999999994,0.4415,9.834590911865234,1263,0.2657833333333333,0.66,0.29,0.05,0.8,0.8,0.0,42,steady,M5-NoNeg
80,"[False, True, False]",0,1,0,0.3333333333333333,2985.9999999999995,0.4235,8.004137992858887,1253,0.24371666666666664,0.66,0.29,0.05,0.7,0.8,0.0,42,steady,M5-NoNeg
81,"[False, True, False]",0,1,0,0.3333333333333333,3331.9999999999995,0.526,8.574735879898071,1253,0.27446666666666664,0.66,0.29,0.05,0.6,0.9,0.0,42,steady,M5-NoNeg
82,"[False, True, False]",0,1,0,0.3333333333333333,4010.5999999999995,0.62225,8.273808002471924,1243,0.3033416666666666,0.66,0.29,0.05,0.5,1.0,0.0,42,steady,M5-NoNeg
83,"[False, True, False]",0,1,0,0.3333333333333333,4120.2,0.521,9.140903234481812,1256,0.2562999999999999,0.66,0.29,0.05,0.4,1.0,0.0,42,steady,M5-NoNeg
84,"[False, True, False]",0,1,0,0.3333333333333333,3331.999999999999,0.44549999999999995,7.780572175979614,1253,0.2169833333333333,0.66,0.29,0.05,0.3,1.0,0.0,42,steady,M5-NoNeg
85,"[False, True, False]",0,1,0,0.3333333333333333,2813.3999999999996,0.61625,8.128743886947632,1253,0.2515416666666666,0.66,0.29,0.05,0.2,1.0,0.0,42,steady,M5-NoNeg
86,"[False, False, False]",0,0,0,0.0,3302.3999999999996,0.49975,8.487120866775513,1247,0.11659166666666665,0.66,0.29,0.05,0.1,0.9,0.0,42,steady,M5-NoNeg
87,"[False, True, False]",0,1,0,0.3333333333333333,2906.3999999999996,0.45799999999999996,8.476953029632568,1255,0.15406666666666663,0.66,0.29,0.05,0.0,0.9,0.0,42,steady,M5-NoNeg
88,"[False, True, False]",0,1,0,0.3333333333333333,2534.0,0.50325,7.71906304359436,1244,0.16764166666666663,0.66,0.29,0.05,0.0,0.9,0.0,42,steady,M5-NoNeg
89,"[False, True, False]",0,1,0,0.3333333333333333,2300.0,0.36225,7.734097719192505,1245,0.12534166666666663,0.1,0.8,0.1,0.0,0.9,0.0,42,steady,M5-NoNeg
90,"[False, True, False]",0,1,0,0.3333333333333333,2789.230769230769,0.44049999999999995,10.297143936157227,1251,0.14881666666666665,0.23076923076923075,0.6153846153846154,0.15384615384615385,0.0,0.9,0.0,42,steady,M5-NoNeg
91,"[False, True, False]",0,1,0,0.3333333333333333,2660.8551068883608,0.51375,7.777111053466797,1245,0.17079166666666662,0.38004750593824227,0.5700712589073634,0.049881235154394306,0.0,0.9,0.0,42,steady,M5-NoNeg
92,"[False, True, False]",0,1,0,0.3333333333333333,2825.0,0.581,7.210978984832764,1245,0.19096666666666662,0.38,0.57,0.05,0.0,0.9,0.0,42,steady,M5-NoNeg
93,"[False, True, False]",0,1,0,0.3333333333333333,2572.7999999999997,0.51625,7.751370906829834,1243,0.17154166666666665,0.38,0.57,0.05,0.0,0.9,0.0,42,steady,M5-NoNeg
94,"[False, False, False]",0,0,0,0.0,2002.7999999999997,0.49225,10.990138053894043,1245,0.0810083333333333,0.38,0.57,0.05,0.0,0.8,0.0,42,steady,M5-NoNeg
95,"[False, False, False]",0,0,0,0.0,1293.0,0.47200000000000003,7.581871271133423,1240,0.05826666666666663,0.38,0.57,0.05,0.0,0.7,0.0,42,steady,M5-NoNeg
96,"[False, False, False]",0,0,0,0.0,1706.0,0.49200000000000005,10.491865873336792,1244,0.06426666666666664,0.38,0.57,0.05,0.0,0.7,0.0,42,steady,M5-NoNeg
97,"[False, True, False]",0,1,0,0.3333333333333333,2048.0,0.51875,7.737947940826416,1255,0.1389583333333333,0.38,0.57,0.05,0.0,0.7,0.0,42,steady,M5-NoNeg
98,"[False, True, True]",0,1,1,0.6666666666666666,2100.2777777777774,0.56675,7.504585027694702,1243,0.2366916666666666,0.1388888888888889,0.7916666666666666,0.06944444444444445,0.0,0.7,0.1,42,steady,M5-NoNeg
99,"[False, True, False]",0,1,0,0.3333333333333333,2058.2,0.63825,7.437535285949707,1244,0.19147499999999995,0.14,0.79,0.07,0.0,0.7,0.1,42,steady,M5-NoNeg
0,"[False, True, False]",0,1,0,0.3333333333333333,4142.0,0.621,8.376267194747925,1262,0.2196333333333333,0.5,0.3,0.2,0.0,1.0,0.0,123,steady,M5-NoNeg
1,"[False, True, False]",0,1,0,0.3333333333333333,3828.0,0.466,8.40911602973938,1244,0.1731333333333333,0.5,0.3,0.2,0.0,1.0,0.0,123,steady,M5-NoNeg
2,"[False, True, True]",0,1,1,0.6666666666666666,3098.0,0.484,7.866204261779785,1253,0.30075555555555555,0.5,0.3,0.2,0.0,1.0,0.3333333333333333,123,steady,M5-NoNeg
3,"[False, True, False]",0,1,0,0.3333333333333333,3708.0,0.44725000000000004,7.476097106933594,1242,0.209175,0.5,0.3,0.2,0.0,1.0,0.25,123,steady,M5-NoNeg
4,"[False, False, True]",0,0,1,0.3333333333333333,3828.0,0.537,8.07040524482727,1244,0.22776666666666667,0.5,0.3,0.2,0.0,0.8,0.4,123,steady,M5-NoNeg
5,"[False, True, True]",0,1,1,0.6666666666666666,3528.0,0.50425,8.659271240234375,1246,0.3068305555555556,0.5,0.3,0.2,0.0,0.8333333333333334,0.5,123,steady,M5-NoNeg
6,"[False, True, True]",0,1,1,0.6666666666666666,2978.0,0.55675,8.060352087020874,1236,0.33845357142857135,0.5,0.3,0.2,0.0,0.8571428571428571,0.5714285714285714,123,steady,M5-NoNeg
7,"[True, False, True]",1,0,1,0.6666666666666666,4768.0,0.51575,7.3580641746521,1251,0.33805833333333335,0.5,0.3,0.2,0.125,0.75,0.625,123,steady,M5-NoNeg
8,"[True, False, True]",1,0,1,0.6666666666666666,4960.0,0.56175,7.883975982666016,1251,0.3611175925925926,0.5,0.3,0.2,0.2222222222222222,0.6666666666666666,0.6666666666666666,123,steady,M5-NoNeg
9,"[True, True, True]",1,1,1,1.0,5222.0,0.484,8.596979856491089,1245,0.4285333333333333,0.5,0.3,0.2,0.3,0.7,0.7,123,steady,M5-NoNeg
10,"[False, True, True]",0,1,1,0.6666666666666666,4994.0,0.6607500000000001,7.2620790004730225,1243,0.4315583333333334,0.5,0.3,0.2,0.3,0.7,0.8,123,steady,M5-NoNeg
11,"[False, True, True]",0,1,1,0.6666666666666666,4140.0,0.56675,7.2706520557403564,1250,0.420025,0.5,0.3,0.2,0.3,0.7,0.9,123,steady,M5-NoNeg
12,"[False, True, True]",0,1,1,0.6666666666666666,4254.0,0.425,8.303508996963501,1257,0.37749999999999995,0.5,0.3,0.2,0.3,0.7,0.9,123,steady,M5-NoNeg
13,"[False, True, True]",0,1,1,0.6666666666666666,4374.0,0.5760000000000001,8.394779205322266,1250,0.43946666666666667,0.5,0.3,0.2,0.3,0.7,1.0,123,steady,M5-NoNeg
14,"[False, True, True]",0,1,1,0.6666666666666666,4374.0,0.5217499999999999,7.945478916168213,1247,0.43985833333333335,0.5,0.3,0.2,0.3,0.8,1.0,123,steady,M5-NoNeg
15,"[False, True, True]",0,1,1,0.6666666666666666,4184.0,0.49075,8.765828847885132,1266,0.4305583333333334,0.5,0.3,0.2,0.3,0.8,1.0,123,steady,M5-NoNeg
16,"[False, True, True]",0,1,1,0.6666666666666666,4250.0,0.5217499999999999,7.963840961456299,1267,0.43985833333333335,0.6,0.3,0.09999999999999999,0.3,0.8,1.0,123,steady,M5-NoNeg
17,"[False, True, True]",0,1,1,0.6666666666666666,3704.0000000000005,0.5579999999999999,9.008021116256714,1243,0.4507333333333333,0.6,0.3,0.09999999999999999,0.2,0.9,1.0,123,steady,M5-NoNeg
18,"[True, True, True]",1,1,1,1.0,4912.0,0.511,8.399091958999634,1261,0.5199666666666667,0.6,0.3,0.09999999999999999,0.2,1.0,1.0,123,steady,M5-NoNeg
19,"[False, False, True]",0,0,1,0.3333333333333333,4884.000000000001,0.647,7.777849197387695,1259,0.39409999999999995,0.6,0.3,0.09999999999999999,0.1,0.9,1.0,123,steady,M5-NoNeg
20,"[False, True, True]",0,1,1,0.6666666666666666,5012.0,0.67425,10.137534856796265,1248,0.4689416666666667,0.6,0.3,0.09999999999999999,0.1,0.9,1.0,123,steady,M5-NoNeg
21,"[False, True, False]",0,1,0,0.3333333333333333,3710.0,0.4225,7.342501878738403,1252,0.3100833333333333,0.6,0.3,0.09999999999999999,0.1,0.9,0.9,123,steady,M5-NoNeg
22,"[True, True, False]",1,1,0,0.6666666666666666,3914.0,0.48225,7.691660165786743,1257,0.394675,0.6,0.3,0.09999999999999999,0.2,0.9,0.8,123,steady,M5-NoNeg
23,"[True, False, False]",1,0,0,0.3333333333333333,5150.0,0.45475,7.415718078613281,1239,0.3030916666666666,0.6,0.3,0.09999999999999999,0.3,0.8,0.7,123,steady,M5-NoNeg
24,"[True, False, False]",1,0,0,0.3333333333333333,5918.0,0.43925,10.707794904708862,1248,0.281775,0.6,0.3,0.09999999999999999,0.4,0.7,0.6,123,steady,M5-NoNeg
25,"[True, False, True]",1,0,1,0.6666666666666666,6952.0,0.53925,6.7746312618255615,1249,0.3784416666666667,0.6,0.3,0.09999999999999999,0.5,0.6,0.6,123,steady,M5-NoNeg
26,"[True, False, False]",1,0,0,0.3333333333333333,5804.0,0.597,6.743828058242798,1249,0.3124333333333333,0.6,0.3,0.09999999999999999,0.6,0.5,0.5,123,steady,M5-NoNeg
27,"[True, False, False]",1,0,0,0.3333333333333333,4210.0,0.5585,7.514001131057739,1260,0.2842166666666666,0.6,0.3,0.09999999999999999,0.7,0.4,0.4,123,steady,M5-NoNeg
28,"[True, False, False]",1,0,0,0.3333333333333333,5460.0,0.5855,8.058458805084229,1259,0.2589833333333333,0.6,0.3,0.09999999999999999,0.7,0.3,0.3,123,steady,M5-NoNeg
29,"[True, False, False]",1,0,0,0.3333333333333333,4948.0,0.518,6.876960039138794,1259,0.2387333333333333,0.6,0.3,0.09999999999999999,0.8,0.3,0.2,123,steady,M5-NoNeg
30,"[True, False, False]",1,0,0,0.3333333333333333,5250.0,0.55425,7.518259048461914,1255,0.23294166666666666,0.6,0.3,0.09999999999999999,0.9,0.2,0.1,123,steady,M5-NoNeg
31,"[True, False, False]",1,0,0,0.3333333333333333,6302.0,0.4225,9.764060020446777,1263,0.19341666666666668,0.6,0.3,0.09999999999999999,1.0,0.1,0.1,123,steady,M5-NoNeg
32,"[True, False, False]",1,0,0,0.3333333333333333,6394.0,0.4525,8.170780181884766,1254,0.18575000000000003,0.6,0.3,0.09999999999999999,1.0,0.0,0.1,123,steady,M5-NoNeg
33,"[True, False, False]",1,0,0,0.3333333333333333,6792.0,0.59925,7.51519513130188,1272,0.229775,0.6,0.3,0.09999999999999999,1.0,0.0,0.1,123,steady,M5-NoNeg
34,"[True, False, False]",1,0,0,0.3333333333333333,7536.0,0.53125,8.794214725494385,1272,0.20937499999999998,0.6,0.3,0.09999999999999999,1.0,0.0,0.1,123,steady,M5-NoNeg
35,"[True, False, False]",1,0,0,0.3333333333333333,6581.47268408551,0.6145,7.430640935897827,1261,0.21768333333333328,0.5700712589073634,0.38004750593824227,0.049881235154394306,1.0,0.0,0.0,123,steady,M5-NoNeg
36,"[True, False, False]",1,0,0,0.3333333333333333,8403.888888888889,0.5607500000000001,7.099776029586792,1263,0.20155833333333334,0.7916666666666666,0.1388888888888889,0.06944444444444445,1.0,0.0,0.0,123,steady,M5-NoNeg
37,"[True, False, False]",1,0,0,0.3333333333333333,7049.443378119001,0.5117499999999999,7.2271411418914795,1262,0.1868583333333333,0.7581573896353166,0.19193857965451055,0.04990403071017275,1.0,0.0,0.0,123,steady,M5-NoNeg
38,"[True, False, False]",1,0,0,0.3333333333333333,5274.999999999999,0.46950000000000003,8.025398969650269,1267,0.1741833333333333,0.76,0.19,0.05,1.0,0.0,0.0,123,steady,M5-NoNeg
39,"[True, False, False]",1,0,0,0.3333333333333333,7197.2722569722055,0.5155,9.523614883422852,1266,0.18798333333333328,0.7148567934910408,0.23515026101678974,0.049992945492169504,1.0,0.0,0.0,123,steady,M5-NoNeg
40,"[True, False, False]",1,0,0,0.3333333333333333,8365.130641330165,0.48825,7.183621883392334,1259,0.1798083333333333,0.67458432304038,0.2755344418052256,0.049881235154394306,1.0,0.0,0.0,123,steady,M5-NoNeg
41,"[True, False, False]",1,0,0,0.3333333333333333,8984.0,0.5539999999999999,8.993375062942505,1277,0.19953333333333328,0.67,0.28,0.05,1.0,0.0,0.0,123,steady,M5-NoNeg
42,"[False, True, False]",0,1,0,0.3333333333333333,6455.4,0.759,7.774640798568726,1270,0.2610333333333333,0.67,0.28,0.05,0.9,0.1,0.0,123,steady,M5-NoNeg
43,"[True, True, False]",1,1,0,0.6666666666666666,7434.0,0.4725,8.539346933364868,1257,0.25841666666666663,0.67,0.28,0.05,0.9,0.2,0.0,123,steady,M5-NoNeg
44,"[True, True, False]",1,1,0,0.6666666666666666,6914.2,0.51475,6.681249618530273,1271,0.28775833333333334,0.67,0.28,0.05,0.9,0.3,0.0,123,steady,M5-NoNeg
45,"[True, True, False]",1,1,0,0.6666666666666666,5858.4,0.5435,10.023184776306152,1257,0.31305000000000005,0.67,0.28,0.05,0.9,0.4,0.0,123,steady,M5-NoNeg
46,"[False, True, False]",0,1,0,0.3333333333333333,5940.4,0.6722499999999999,7.831416606903076,1271,0.28500833333333325,0.67,0.28,0.05,0.8,0.5,0.0,123,steady,M5-NoNeg
47,"[False, True, False]",0,1,0,0.3333333333333333,5699.6,0.545,8.333006858825684,1260,0.2468333333333333,0.67,0.28,0.05,0.7,0.6,0.0,123,steady,M5-NoNeg
48,"[False, True, False]",0,1,0,0.3333333333333333,4750.6,0.5635,8.456974029541016,1251,0.2523833333333333,0.67,0.28,0.05,0.6,0.7,0.0,123,steady,M5-NoNeg
49,"[False, True, False]",0,1,0,0.3333333333333333,5858.4,0.57975,8.40017580986023,1255,0.2572583333333333,0.67,0.28,0.05,0.5,0.8,0.0,123,steady,M5-NoNeg
50,"[True, True, False]",1,1,0,0.6666666666666666,5617.6,0.5447500000000001,6.364289999008179,1250,0.33009166666666667,0.67,0.28,0.05,0.5,0.9,0.0,123,steady,M5-NoNeg
51,"[False, True, False]",0,1,0,0.3333333333333333,5858.4,0.55875,6.830256223678589,1248,0.26762499999999995,0.67,0.28,0.05,0.4,1.0,0.0,123,steady,M5-NoNeg
52,"[False, True, False]",0,1,0,0.3333333333333333,4602.4,0.6497499999999999,9.561316967010498,1259,0.29492499999999994,0.67,0.28,0.05,0.4,1.0,0.0,123,steady,M5-NoNeg
53,"[False, True, False]",0,1,0,0.3333333333333333,4968.4,0.51925,9.252318859100342,1264,0.2391083333333333,0.67,0.28,0.05,0.3,1.0,0.0,123,steady,M5-NoNeg
54,"[True, True, False]",1,1,0,0.6666666666666666,5208.6,0.5267499999999999,7.82077169418335,1252,0.308025,0.67,0.28,0.05,0.3,1.0,0.0,123,steady,M5-NoNeg
55,"[False, True, False]",0,1,0,0.3333333333333333,4602.4,0.56325,8.310689210891724,1250,0.23564166666666664,0.67,0.28,0.05,0.2,1.0,0.0,123,steady,M5-NoNeg
56,"[False, True, False]",0,1,0,0.3333333333333333,4255.200000000001,0.5625,8.475028038024902,1252,0.2354166666666666,0.67,0.28,0.05,0.2,1.0,0.0,123,steady,M5-NoNeg
57,"[False, True, False]",0,1,0,0.3333333333333333,4227.200000000001,0.484,8.08130693435669,1258,0.2118666666666666,0.67,0.28,0.05,0.2,1.0,0.0,123,steady,M5-NoNeg
58,"[False, True, False]",0,1,0,0.3333333333333333,3990.4000000000005,0.614,8.401617288589478,1265,0.2508666666666666,0.67,0.28,0.05,0.2,1.0,0.0,123,steady,M5-NoNeg
59,"[True, True, False]",1,1,0,0.6666666666666666,4279.2,0.53075,7.696300029754639,1250,0.30922499999999997,0.67,0.28,0.05,0.3,1.0,0.0,123,steady,M5-NoNeg
60,"[True, True, False]",1,1,0,0.6666666666666666,5236.6,0.5495,7.657086133956909,1246,0.31484999999999996,0.67,0.28,0.05,0.3,1.0,0.0,123,steady,M5-NoNeg
61,"[True, False, False]",1,0,0,0.3333333333333333,5206.6,0.4755,6.7469258308410645,1255,0.2259833333333333,0.67,0.28,0.05,0.4,0.9,0.0,123,steady,M5-NoNeg
62,"[False, True, False]",0,1,0,0.3333333333333333,4906.200000000001,0.69,9.073725938796997,1252,0.2903333333333333,0.67,0.28,0.05,0.4,0.9,0.0,123,steady,M5-NoNeg
63,"[True, False, False]",1,0,0,0.3333333333333333,5305.0,0.4925,7.375197887420654,1248,0.2310833333333333,0.67,0.28,0.05,0.5,0.8,0.0,123,steady,M5-NoNeg
64,"[True, True, False]",1,1,0,0.6666666666666666,4727.0,0.61775,9.879235029220581,1259,0.335325,0.67,0.28,0.05,0.5,0.8,0.0,123,steady,M5-NoNeg
65,"[True, False, False]",1,0,0,0.3333333333333333,5155.799999999999,0.5457500000000001,8.023712873458862,1253,0.24705833333333332,0.67,0.28,0.05,0.6,0.7,0.0,123,steady,M5-NoNeg
66,"[True, False, False]",1,0,0,0.3333333333333333,6902.8,0.5775,7.948109865188599,1246,0.2565833333333333,0.67,0.28,0.05,0.7,0.6,0.0,123,steady,M5-NoNeg
67,"[True, False, False]",1,0,0,0.3333333333333333,5125.8,0.5185,7.37474799156189,1259,0.23888333333333328,0.67,0.28,0.05,0.8,0.5,0.0,123,steady,M5-NoNeg
68,"[True, False, False]",1,0,0,0.3333333333333333,5886.400000000001,0.63025,9.007418155670166,1250,0.2724083333333333,0.67,0.28,0.05,0.9,0.4,0.0,123,steady,M5-NoNeg
69,"[True, False, False]",1,0,0,0.3333333333333333,5989.400000000001,0.6375,8.15907597541809,1255,0.2579166666666666,0.67,0.28,0.05,0.9,0.3,0.0,123,steady,M5-NoNeg
70,"[True, False, False]",1,0,0,0.3333333333333333,4906.200000000001,0.5865,7.570863246917725,1256,0.22594999999999998,0.67,0.28,0.05,0.9,0.2,0.0,123,steady,M5-NoNeg
71,"[True, True, False]",1,1,0,0.6666666666666666,5908.6,0.40399999999999997,7.657718181610107,1265,0.2545333333333333,0.67,0.28,0.05,0.9,0.3,0.0,123,steady,M5-NoNeg
72,"[True, True, False]",1,1,0,0.6666666666666666,5236.6,0.483,7.121228933334351,1276,0.29490000000000005,0.67,0.28,0.05,1.0,0.3,0.0,123,steady,M5-NoNeg
73,"[True, True, False]",1,1,0,0.6666666666666666,7098.0,0.46975,7.473505020141602,1267,0.3075916666666666,0.67,0.28,0.05,1.0,0.4,0.0,123,steady,M5-NoNeg
74,"[True, True, False]",1,1,0,0.6666666666666666,6326.86744038,0.64125,8.100404262542725,1272,0.3590416666666666,0.6561872582145829,0.29381519024533564,0.049997551540081286,1.0,0.4,0.0,123,steady,M5-NoNeg
75,"[True, False, False]",1,0,0,0.3333333333333333,6425.999999999999,0.5507500000000001,7.730900049209595,1261,0.265225,0.66,0.29,0.05,1.0,0.4,0.0,123,steady,M5-NoNeg
76,"[True, False, False]",1,0,0,0.3333333333333333,7528.0,0.494,6.703107118606567,1270,0.24819999999999992,0.66,0.29,0.05,1.0,0.4,0.0,123,steady,M5-NoNeg
77,"[True, False, False]",1,0,0,0.3333333333333333,6498.999999999999,0.585,7.673066139221191,1274,0.2754999999999999,0.66,0.29,0.05,1.0,0.4,0.0,123,steady,M5-NoNeg
78,"[True, False, False]",1,0,0,0.3333333333333333,8039.999999999999,0.6547499999999999,7.950340747833252,1267,0.29642499999999994,0.66,0.29,0.05,1.0,0.4,0.0,123,steady,M5-NoNeg
79,"[True, False, False]",1,0,0,0.3333333333333333,7740.799999999999,0.501,9.409042835235596,1283,0.2502999999999999,0.66,0.29,0.05,1.0,0.4,0.0,123,steady,M5-NoNeg
80,"[True, False, False]",1,0,0,0.3333333333333333,5335.0,0.60675,7.7939441204071045,1268,0.2820249999999999,0.66,0.29,0.05,1.0,0.4,0.0,123,steady,M5-NoNeg
81,"[True, True, False]",1,1,0,0.6666666666666666,5428.0,0.622,9.34738802909851,1278,0.3532666666666666,0.66,0.29,0.05,1.0,0.4,0.0,123,steady,M5-NoNeg
82,"[True, False, False]",1,0,0,0.3333333333333333,5242.400000000001,0.5642499999999999,9.314115047454834,1270,0.25260833333333327,0.66,0.29,0.05,1.0,0.3,0.0,123,steady,M5-NoNeg
83,"[True, False, False]",1,0,0,0.3333333333333333,5731.2,0.41325,7.384547233581543,1271,0.19064166666666665,0.66,0.29,0.05,1.0,0.2,0.0,123,steady,M5-NoNeg
84,"[True, False, False]",1,0,0,0.3333333333333333,5513.799999999999,0.557,7.398586273193359,1263,0.21710000000000002,0.66,0.29,0.05,1.0,0.1,0.0,123,steady,M5-NoNeg
85,"[False, False, False]",0,0,0,0.0,3252.3999999999996,0.43575,8.25532579421997,1261,0.09739166666666665,0.66,0.29,0.05,0.9,0.1,0.0,123,steady,M5-NoNeg
86,"[True, False, False]",1,0,0,0.3333333333333333,4230.599999999999,0.5489999999999999,7.05394983291626,1242,0.19803333333333328,0.66,0.29,0.05,0.9,0.1,0.0,123,steady,M5-NoNeg
87,"[False, False, False]",0,0,0,0.0,2960.0,0.47,8.605716943740845,1277,0.09099999999999997,0.66,0.29,0.05,0.8,0.1,0.0,123,steady,M5-NoNeg
88,"[False, False, False]",0,0,0,0.0,3002.9999999999995,0.53125,6.86916708946228,1247,0.09270833333333334,0.66,0.29,0.05,0.7,0.1,0.0,123,steady,M5-NoNeg
89,"[False, False, False]",0,0,0,0.0,3052.9999999999995,0.53725,7.979154109954834,1266,0.07784166666666664,0.66,0.29,0.05,0.6,0.1,0.0,123,steady,M5-NoNeg
90,"[False, True, False]",0,1,0,0.3333333333333333,2483.0,0.61675,7.71993613243103,1263,0.16835833333333328,0.66,0.29,0.05,0.5,0.2,0.0,123,steady,M5-NoNeg
91,"[False, False, True]",0,0,1,0.3333333333333333,3053.0,0.58275,8.659868955612183,1274,0.14149166666666663,0.66,0.29,0.05,0.4,0.1,0.1,123,steady,M5-NoNeg
92,"[True, False, False]",1,0,0,0.3333333333333333,4056.5999999999995,0.48075,7.2526068687438965,1247,0.11089166666666661,0.66,0.29,0.05,0.4,0.1,0.1,123,steady,M5-NoNeg
93,"[True, False, False]",1,0,0,0.3333333333333333,4230.599999999999,0.47424999999999995,7.362251043319702,1260,0.1089416666666666,0.66,0.29,0.05,0.4,0.1,0.1,123,steady,M5-NoNeg
94,"[True, False, False]",1,0,0,0.3333333333333333,3620.5999999999995,0.5285,7.934498071670532,1252,0.12521666666666664,0.66,0.29,0.05,0.4,0.1,0.1,123,steady,M5-NoNeg
95,"[False, False, False]",0,0,0,0.0,3820.0,0.5715,7.808089971542358,1262,0.07144999999999996,0.66,0.29,0.05,0.4,0.1,0.1,123,steady,M5-NoNeg
96,"[False, False, False]",0,0,0,0.0,3777.0,0.633,7.521460056304932,1247,0.07323333333333332,0.66,0.29,0.05,0.3,0.1,0.1,123,steady,M5-NoNeg
97,"[False, False, False]",0,0,0,0.0,3820.0,0.70975,7.607049226760864,1246,0.09625833333333333,0.66,0.29,0.05,0.3,0.1,0.1,123,steady,M5-NoNeg
98,"[True, False, False]",1,0,0,0.3333333333333333,4480.0,0.5555,7.752238750457764,1241,0.13331666666666664,0.66,0.29,0.05,0.4,0.1,0.1,123,steady,M5-NoNeg
99,"[True, False, False]",1,0,0,0.3333333333333333,4799.400000000001,0.64375,8.503666877746582,1255,0.17645833333333333,0.66,0.29,0.05,0.5,0.1,0.1,123,steady,M5-NoNeg
0,"[True, False, True]",1,0,1,0.6666666666666666,5784.0,0.552,10.233880043029785,1271,0.4322666666666667,0.5,0.3,0.2,1.0,0.0,1.0,42,burst,M5-NoNeg
1,"[True, False, False]",1,0,0,0.3333333333333333,5310.0,0.452,7.87588906288147,1250,0.25226666666666664,0.5,0.3,0.2,1.0,0.0,0.5,42,burst,M5-NoNeg
2,"[True, False, False]",1,0,0,0.3333333333333333,5552.0,0.517,7.374817848205566,1245,0.24398888888888887,0.5,0.3,0.2,1.0,0.0,0.3333333333333333,42,burst,M5-NoNeg
3,"[True, False, False]",1,0,0,0.3333333333333333,6012.0,0.44825000000000004,7.769829988479614,1253,0.20947500000000002,0.5,0.3,0.2,1.0,0.0,0.25,42,burst,M5-NoNeg
4,"[True, True, True]",1,1,1,1.0,6384.0,0.46975,7.471823215484619,1253,0.4075916666666667,0.5,0.3,0.2,1.0,0.2,0.4,42,burst,M5-NoNeg
5,"[True, True, True]",1,1,1,1.0,6504.0,0.60775,8.364969968795776,1253,0.48788055555555554,0.5,0.3,0.2,1.0,0.3333333333333333,0.5,42,burst,M5-NoNeg
6,"[True, True, False]",1,1,0,0.6666666666666666,6026.0,0.515,9.04650092124939,1266,0.39735714285714285,0.5,0.4,0.1,1.0,0.42857142857142855,0.42857142857142855,42,burst,M5-NoNeg
7,"[True, True, False]",1,1,0,0.6666666666666666,6146.0,0.49,8.288557052612305,1248,0.39283333333333337,0.5,0.4,0.1,1.0,0.5,0.375,42,burst,M5-NoNeg
8,"[True, True, False]",1,1,0,0.6666666666666666,6152.0,0.48725,8.150132179260254,1272,0.3943231481481482,0.5,0.4,0.1,1.0,0.5555555555555556,0.3333333333333333,42,burst,M5-NoNeg
9,"[True, True, False]",1,1,0,0.6666666666666666,5090.0,0.546,7.378402233123779,1257,0.41380000000000006,0.5,0.4,0.1,1.0,0.6,0.3,42,burst,M5-NoNeg
10,"[True, False, True]",1,0,1,0.6666666666666666,6400.0,0.43625,8.098047018051147,1243,0.3808750000000001,0.6666666666666667,0.13333333333333336,0.2,1.0,0.6,0.3,42,burst,M5-NoNeg
11,"[True, False, True]",1,0,1,0.6666666666666666,6444.6,0.54125,8.080976963043213,1275,0.42904166666666665,0.67,0.13,0.2,1.0,0.6,0.4,42,burst,M5-NoNeg
12,"[True, False, True]",1,0,1,0.6666666666666666,7743.4,0.636,7.432857036590576,1245,0.4741333333333334,0.67,0.15,0.18,1.0,0.6,0.5,42,burst,M5-NoNeg
13,"[True, False, True]",1,0,1,0.6666666666666666,7775.4,0.45575000000000004,7.424239158630371,1255,0.43672500000000003,0.67,0.2,0.13,1.0,0.6,0.6,42,burst,M5-NoNeg
14,"[True, False, True]",1,0,1,0.6666666666666666,6250.6,0.43775,7.140038013458252,1254,0.41465833333333335,0.67,0.2,0.13,1.0,0.5,0.6,42,burst,M5-NoNeg
15,"[True, False, True]",1,0,1,0.6666666666666666,9047.4,0.4955,7.051620721817017,1261,0.41531666666666667,0.67,0.2,0.13,1.0,0.4,0.6,42,burst,M5-NoNeg
16,"[True, False, False]",1,0,0,0.3333333333333333,7170.8,0.47725,9.13410997390747,1279,0.3265083333333333,0.67,0.2,0.13,1.0,0.3,0.6,42,burst,M5-NoNeg
17,"[True, False, False]",1,0,0,0.3333333333333333,8573.6,0.57725,6.758297920227051,1262,0.33984166666666665,0.67,0.2,0.13,1.0,0.2,0.6,42,burst,M5-NoNeg
18,"[True, False, False]",1,0,0,0.3333333333333333,7769.599999999999,0.44925,6.914582014083862,1256,0.284775,0.67,0.2,0.13,1.0,0.1,0.6,42,burst,M5-NoNeg
19,"[True, False, True]",1,0,1,0.6666666666666666,6393.6,0.46075000000000005,8.480029821395874,1263,0.3548916666666667,0.67,0.2,0.13,1.0,0.0,0.7,42,burst,M5-NoNeg
20,"[True, False, False]",1,0,0,0.3333333333333333,6412.8,0.6054999999999999,8.071313381195068,1266,0.3149833333333333,0.67,0.2,0.13,1.0,0.0,0.6,42,burst,M5-NoNeg
21,"[True, False, False]",1,0,0,0.3333333333333333,5317.0,0.4435,7.655352830886841,1268,0.24971666666666664,0.67,0.2,0.13,1.0,0.0,0.5,42,burst,M5-NoNeg
22,"[True, False, False]",1,0,0,0.3333333333333333,4888.200000000001,0.5365,7.002467155456543,1280,0.26094999999999996,0.67,0.2,0.13,1.0,0.0,0.4,42,burst,M5-NoNeg
23,"[False, True, False]",0,1,0,0.3333333333333333,3970.0,0.62775,6.943893194198608,1254,0.2716583333333333,0.67,0.25,0.08,0.9,0.1,0.3,42,burst,M5-NoNeg
24,"[True, True, False]",1,1,0,0.6666666666666666,3825.2000000000003,0.46475,8.047173976898193,1258,0.28942500000000004,0.67,0.25,0.08,0.9,0.2,0.2,42,burst,M5-NoNeg
25,"[True, False, False]",1,0,0,0.3333333333333333,4325.2,0.54525,7.429697036743164,1266,0.23024166666666668,0.67,0.25,0.08,0.9,0.2,0.1,42,burst,M5-NoNeg
26,"[True, False, False]",1,0,0,0.3333333333333333,5284.8,0.48174999999999996,7.270569086074829,1257,0.21119166666666667,0.67,0.25,0.08,0.9,0.2,0.1,42,burst,M5-NoNeg
27,"[True, False, False]",1,0,0,0.3333333333333333,4802.0,0.7005,6.637540102005005,1241,0.27681666666666666,0.67,0.25,0.08,0.9,0.2,0.1,42,burst,M5-NoNeg
28,"[True, False, False]",1,0,0,0.3333333333333333,5052.000000000001,0.5355,8.304958820343018,1281,0.22731666666666667,0.67,0.25,0.08,0.9,0.2,0.1,42,burst,M5-NoNeg
29,"[True, False, False]",1,0,0,0.3333333333333333,5100.0,0.48174999999999996,8.403710842132568,1279,0.194525,0.67,0.25,0.08,0.9,0.2,0.0,42,burst,M5-NoNeg
30,"[True, False, False]",1,0,0,0.3333333333333333,5126.2,0.62125,8.14660096168518,1260,0.23637499999999995,0.67,0.25,0.08,0.9,0.2,0.0,42,burst,M5-NoNeg
31,"[True, False, False]",1,0,0,0.3333333333333333,4740.0,0.4675,6.831974983215332,1254,0.19024999999999997,0.67,0.25,0.08,0.9,0.2,0.0,42,burst,M5-NoNeg
32,"[True, False, True]",1,0,1,0.6666666666666666,5248.800000000001,0.52625,7.9620091915130615,1260,0.2912083333333334,0.67,0.25,0.08,0.9,0.2,0.1,42,burst,M5-NoNeg
33,"[True, False, True]",1,0,1,0.6666666666666666,5248.800000000001,0.51725,8.177627086639404,1252,0.305175,0.67,0.25,0.08,1.0,0.1,0.2,42,burst,M5-NoNeg
34,"[True, False, True]",1,0,1,0.6666666666666666,5168.8,0.493,7.52874493598938,1259,0.29790000000000005,0.67,0.25,0.08,1.0,0.0,0.3,42,burst,M5-NoNeg
35,"[True, False, False]",1,0,0,0.3333333333333333,5328.799999999999,0.547,8.132025003433228,1255,0.24743333333333334,0.67,0.25,0.08,1.0,0.0,0.3,42,burst,M5-NoNeg
36,"[True, True, False]",1,1,0,0.6666666666666666,5555.0,0.6082500000000001,11.505501985549927,1270,0.3491416666666667,0.67,0.25,0.08,1.0,0.1,0.3,42,burst,M5-NoNeg
37,"[True, False, False]",1,0,0,0.3333333333333333,4161.2,0.50625,7.907515048980713,1271,0.251875,0.67,0.25,0.08,1.0,0.1,0.3,42,burst,M5-NoNeg
38,"[True, False, False]",1,0,0,0.3333333333333333,5260.0,0.45575000000000004,8.38530421257019,1256,0.23672500000000002,0.67,0.25,0.08,1.0,0.1,0.3,42,burst,M5-NoNeg
39,"[False, True, False]",0,1,0,0.3333333333333333,3329.0,0.64,8.556030988693237,1278,0.292,0.67,0.25,0.08,0.9,0.2,0.3,42,burst,M5-NoNeg
40,"[False, True, False]",0,1,0,0.3333333333333333,4113.2,0.564,9.442580938339233,1253,0.2692,0.67,0.25,0.08,0.8,0.3,0.3,42,burst,M5-NoNeg
41,"[False, True, False]",0,1,0,0.3333333333333333,4113.2,0.552,7.7550048828125,1249,0.2656,0.67,0.25,0.08,0.7,0.4,0.3,42,burst,M5-NoNeg
42,"[True, False, False]",1,0,0,0.3333333333333333,3820.0,0.52625,7.879711866378784,1250,0.2412083333333333,0.67,0.25,0.08,0.7,0.4,0.2,42,burst,M5-NoNeg
43,"[True, False, False]",1,0,0,0.3333333333333333,3338.2000000000003,0.43475,8.36992621421814,1255,0.19709166666666672,0.67,0.25,0.08,0.7,0.4,0.1,42,burst,M5-NoNeg
44,"[False, True, False]",0,1,0,0.3333333333333333,2462.0000000000005,0.50725,8.344007968902588,1254,0.20217499999999994,0.67,0.25,0.08,0.6,0.5,0.0,42,burst,M5-NoNeg
45,"[False, False, False]",0,0,0,0.0,2510.0,0.629,7.554978132247925,1246,0.15536666666666665,0.67,0.25,0.08,0.5,0.5,0.0,42,burst,M5-NoNeg
46,"[False, True, False]",0,1,0,0.3333333333333333,2510.0,0.63125,7.672430992126465,1243,0.20604166666666662,0.67,0.25,0.08,0.4,0.5,0.0,42,burst,M5-NoNeg
47,"[False, False, False]",0,0,0,0.0,3028.7999999999997,0.58375,7.707817077636719,1245,0.10845833333333332,0.67,0.25,0.08,0.3,0.5,0.0,42,burst,M5-NoNeg
48,"[False, True, False]",0,1,0,0.3333333333333333,2156.0,0.4635,7.343303918838501,1249,0.13904999999999995,0.67,0.25,0.08,0.2,0.6,0.0,42,burst,M5-NoNeg
49,"[False, True, False]",0,1,0,0.3333333333333333,2074.8,0.9852500000000001,7.375694036483765,1248,0.295575,0.67,0.25,0.08,0.2,0.6,0.0,42,burst,M5-NoNeg
50,"[False, True, False]",0,1,0,0.3333333333333333,3175.0,1.0,8.88724398612976,1258,0.3,0.67,0.25,0.08,0.2,0.6,0.0,42,burst,M5-NoNeg
51,"[False, True, False]",0,1,0,0.3333333333333333,4373.200000000001,0.88075,8.097838878631592,1246,0.264225,0.67,0.25,0.08,0.2,0.6,0.0,42,burst,M5-NoNeg
52,"[False, False, False]",0,0,0,0.0,4065.3999999999996,0.9445,9.325768947601318,1259,0.20001666666666662,0.67,0.25,0.08,0.1,0.6,0.0,42,burst,M5-NoNeg
53,"[False, True, False]",0,1,0,0.3333333333333333,4245.200000000001,0.9605,8.089699029922485,1269,0.2714833333333333,0.67,0.25,0.08,0.0,0.7,0.0,42,burst,M5-NoNeg
54,"[False, False, False]",0,0,0,0.0,2714.0,0.8127500000000001,8.454277038574219,1246,0.14382499999999998,0.67,0.25,0.08,0.0,0.6,0.0,42,burst,M5-NoNeg
55,"[False, True, False]",0,1,0,0.3333333333333333,4280.400000000001,1.0,8.164535760879517,1239,0.28333333333333327,0.67,0.25,0.08,0.0,0.7,0.0,42,burst,M5-NoNeg
56,"[False, True, False]",0,1,0,0.3333333333333333,5954.6,0.9427500000000001,7.541545867919922,1245,0.2661583333333333,0.67,0.25,0.08,0.0,0.7,0.0,42,burst,M5-NoNeg
57,"[False, True, False]",0,1,0,0.3333333333333333,4690.400000000001,1.0,7.265620946884155,1243,0.3,0.67,0.25,0.08,0.0,0.8,0.0,42,burst,M5-NoNeg
58,"[False, True, False]",0,1,0,0.3333333333333333,3905.2000000000003,1.0,7.772694826126099,1249,0.3,0.67,0.25,0.08,0.0,0.8,0.0,42,burst,M5-NoNeg
59,"[False, True, False]",0,1,0,0.3333333333333333,3655.2000000000003,1.0,9.174875020980835,1245,0.3,0.67,0.25,0.08,0.0,0.8,0.0,42,burst,M5-NoNeg
60,"[False, True, False]",0,1,0,0.3333333333333333,4690.400000000001,1.0,7.746363878250122,1252,0.3,0.67,0.25,0.08,0.0,0.8,0.0,42,burst,M5-NoNeg
61,"[True, False, False]",1,0,0,0.3333333333333333,7812.799999999999,0.88875,6.381160259246826,1245,0.26662499999999995,0.67,0.25,0.08,0.1,0.7,0.0,42,burst,M5-NoNeg
62,"[False, True, False]",0,1,0,0.3333333333333333,5668.999999999999,0.93175,9.034035921096802,1263,0.2961916666666666,0.67,0.25,0.08,0.1,0.8,0.0,42,burst,M5-NoNeg
63,"[False, True, False]",0,1,0,0.3333333333333333,5119.2,0.9590000000000001,8.128419876098633,1270,0.3043666666666666,0.67,0.25,0.08,0.1,0.8,0.0,42,burst,M5-NoNeg
64,"[False, True, False]",0,1,0,0.3333333333333333,2999.0,0.9442499999999999,7.614177227020264,1256,0.3166083333333332,0.67,0.25,0.08,0.1,0.9,0.0,42,burst,M5-NoNeg
65,"[False, True, False]",0,1,0,0.3333333333333333,3575.2000000000003,0.92525,6.815247058868408,1244,0.3109083333333333,0.67,0.25,0.08,0.1,0.9,0.0,42,burst,M5-NoNeg
66,"[False, True, False]",0,1,0,0.3333333333333333,4325.200000000001,1.0,8.561439037322998,1248,0.3333333333333333,0.67,0.25,0.08,0.1,0.9,0.0,42,burst,M5-NoNeg
67,"[False, False, False]",0,0,0,0.0,4575.2,0.963,9.400947093963623,1248,0.23889999999999995,0.67,0.25,0.08,0.1,0.8,0.0,42,burst,M5-NoNeg
68,"[False, True, False]",0,1,0,0.3333333333333333,5212.000000000001,1.0,7.684614896774292,1253,0.3166666666666666,0.67,0.25,0.08,0.1,0.8,0.0,42,burst,M5-NoNeg
69,"[False, False, False]",0,0,0,0.0,5004.0,1.0,8.593186140060425,1252,0.23333333333333334,0.67,0.25,0.08,0.1,0.7,0.0,42,burst,M5-NoNeg
70,"[False, True, False]",0,1,0,0.3333333333333333,5794.6,1.0,8.137609004974365,1252,0.3,0.67,0.25,0.08,0.1,0.7,0.0,42,burst,M5-NoNeg
71,"[False, False, False]",0,0,0,0.0,5377.6,0.98425,6.656347036361694,1250,0.21194166666666658,0.67,0.25,0.08,0.0,0.7,0.0,42,burst,M5-NoNeg
72,"[False, True, True]",0,1,1,0.6666666666666666,4146.666666666666,1.0,7.4078779220581055,1245,0.3666666666666667,0.16666666666666666,0.6666666666666666,0.16666666666666666,0.0,0.7,0.1,42,burst,M5-NoNeg
73,"[False, True, False]",0,1,0,0.3333333333333333,5067.885985748219,1.0,7.009312152862549,1247,0.3,0.31353919239904987,0.6365795724465559,0.049881235154394306,0.0,0.7,0.1,42,burst,M5-NoNeg
74,"[False, True, False]",0,1,0,0.3333333333333333,5693.800000000001,0.9465,7.781904935836792,1249,0.28395,0.31,0.64,0.05,0.0,0.7,0.1,42,burst,M5-NoNeg
75,"[False, True, False]",0,1,0,0.3333333333333333,5511.604322527015,1.0,6.929082155227661,1249,0.3,0.3800023750148438,0.5700035625222657,0.04999406246289039,0.0,0.7,0.1,42,burst,M5-NoNeg
76,"[False, False, False]",0,0,0,0.0,5333.846153846154,0.9845,7.271245956420898,1249,0.21201666666666663,0.7692307692307692,0.15384615384615385,0.07692307692307693,0.0,0.6,0.1,42,burst,M5-NoNeg
77,"[False, True, False]",0,1,0,0.3333333333333333,5609.22624877571,1.0,8.415159940719604,1263,0.3,0.7541625857002938,0.1958863858961802,0.04995102840352596,0.0,0.7,0.1,42,burst,M5-NoNeg
78,"[False, False, False]",0,0,0,0.0,5378.0,0.92325,7.1197919845581055,1249,0.1936416666666666,0.75,0.2,0.05,0.0,0.6,0.1,42,burst,M5-NoNeg
79,"[False, True, False]",0,1,0,0.3333333333333333,5305.0184063650395,1.0,7.740746974945068,1274,0.3,0.7125044531528322,0.23750148438427737,0.04999406246289039,0.0,0.7,0.1,42,burst,M5-NoNeg
80,"[False, True, False]",0,1,0,0.3333333333333333,5661.200000000001,1.0,7.733036041259766,1249,0.3,0.71,0.24,0.05,0.0,0.7,0.1,42,burst,M5-NoNeg
81,"[False, True, True]",0,1,1,0.6666666666666666,4845.454545454546,1.0,9.01373815536499,1248,0.4,0.18181818181818182,0.7272727272727273,0.09090909090909091,0.0,0.8,0.2,42,burst,M5-NoNeg
82,"[False, True, False]",0,1,0,0.3333333333333333,5984.3609022556375,0.9059999999999999,7.277907133102417,1266,0.2884666666666666,0.3759398496240601,0.5488721804511277,0.07518796992481203,0.0,0.8,0.1,42,burst,M5-NoNeg
83,"[False, True, False]",0,1,0,0.3333333333333333,5994.2,1.0,8.484365224838257,1249,0.3166666666666666,0.38,0.55,0.07,0.0,0.8,0.1,42,burst,M5-NoNeg
84,"[False, True, True]",0,1,1,0.6666666666666666,6512.6,0.9357500000000001,11.175211906433105,1243,0.380725,0.38,0.55,0.07,0.0,0.8,0.2,42,burst,M5-NoNeg
85,"[False, True, False]",0,1,0,0.3333333333333333,5102.0,0.9995,9.612527847290039,1256,0.33318333333333333,0.38,0.55,0.07,0.0,0.8,0.2,42,burst,M5-NoNeg
86,"[False, True, False]",0,1,0,0.3333333333333333,5039.13043478261,1.0,8.187368869781494,1245,0.35,0.4347826086956522,0.47826086956521746,0.08695652173913045,0.0,0.9,0.2,42,burst,M5-NoNeg
87,"[False, True, True]",0,1,1,0.6666666666666666,6144.444444444445,0.8405,7.797222137451172,1255,0.3854833333333333,0.46296296296296297,0.4444444444444445,0.0925925925925926,0.0,0.9,0.3,42,burst,M5-NoNeg
88,"[False, True, True]",0,1,1,0.6666666666666666,5671.2,1.0,7.662220239639282,1245,0.4666666666666667,0.46,0.44,0.1,0.0,1.0,0.4,42,burst,M5-NoNeg
89,"[False, True, False]",0,1,0,0.3333333333333333,3778.4,0.82,6.963947772979736,1256,0.3459999999999999,0.5,0.44,0.06,0.0,1.0,0.4,42,burst,M5-NoNeg
90,"[False, True, False]",0,1,0,0.3333333333333333,4111.6,1.0,7.224567651748657,1241,0.39999999999999997,0.5,0.44,0.06,0.0,1.0,0.4,42,burst,M5-NoNeg
91,"[False, True, False]",0,1,0,0.3333333333333333,5159.2,1.0,8.194525003433228,1268,0.38333333333333325,0.5,0.44,0.06,0.0,1.0,0.3,42,burst,M5-NoNeg
92,"[False, True, False]",0,1,0,0.3333333333333333,5460.0,1.0,8.17775821685791,1251,0.38333333333333325,0.5,0.44,0.06,0.0,1.0,0.3,42,burst,M5-NoNeg
93,"[False, True, False]",0,1,0,0.3333333333333333,5101.599999999999,0.9884999999999999,6.908448934555054,1241,0.3798833333333333,0.5,0.44,0.06,0.0,1.0,0.3,42,burst,M5-NoNeg
94,"[False, True, False]",0,1,0,0.3333333333333333,4929.2,1.0,7.975593090057373,1253,0.36666666666666664,0.5,0.44,0.06,0.0,1.0,0.2,42,burst,M5-NoNeg
95,"[False, True, False]",0,1,0,0.3333333333333333,6240.4,1.0,7.465296030044556,1262,0.36666666666666664,0.5,0.44,0.06,0.0,1.0,0.2,42,burst,M5-NoNeg
96,"[False, True, False]",0,1,0,0.3333333333333333,5010.4,1.0,7.92072319984436,1251,0.36666666666666664,0.5,0.44,0.06,0.0,1.0,0.2,42,burst,M5-NoNeg
97,"[False, True, True]",0,1,1,0.6666666666666666,5729.999999999999,1.0,7.447957992553711,1268,0.43333333333333335,0.5,0.44,0.06,0.0,1.0,0.2,42,burst,M5-NoNeg
98,"[False, True, True]",0,1,1,0.6666666666666666,4799.999999999999,1.0,8.298632860183716,1264,0.43333333333333335,0.5,0.44,0.06,0.0,1.0,0.2,42,burst,M5-NoNeg
99,"[False, True, False]",0,1,0,0.3333333333333333,4280.8,1.0,8.14827823638916,1265,0.36666666666666664,0.5,0.44,0.06,0.0,1.0,0.2,42,burst,M5-NoNeg
0,"[False, True, False]",0,1,0,0.3333333333333333,4142.0,0.621,7.819196939468384,1265,0.2196333333333333,0.5,0.3,0.2,0.0,1.0,0.0,123,burst,M5-NoNeg
1,"[False, True, False]",0,1,0,0.3333333333333333,3828.0,0.466,7.466811180114746,1245,0.1731333333333333,0.5,0.3,0.2,0.0,1.0,0.0,123,burst,M5-NoNeg
2,"[False, True, True]",0,1,1,0.6666666666666666,3098.0,0.484,6.999176979064941,1248,0.30075555555555555,0.5,0.3,0.2,0.0,1.0,0.3333333333333333,123,burst,M5-NoNeg
3,"[False, True, False]",0,1,0,0.3333333333333333,3708.0,0.44725000000000004,6.756166219711304,1243,0.209175,0.5,0.3,0.2,0.0,1.0,0.25,123,burst,M5-NoNeg
4,"[False, False, True]",0,0,1,0.3333333333333333,3828.0,0.537,7.538100004196167,1249,0.22776666666666667,0.5,0.3,0.2,0.0,0.8,0.4,123,burst,M5-NoNeg
5,"[False, True, True]",0,1,1,0.6666666666666666,3528.0,0.50425,7.867228031158447,1242,0.3068305555555556,0.5,0.3,0.2,0.0,0.8333333333333334,0.5,123,burst,M5-NoNeg
6,"[False, True, True]",0,1,1,0.6666666666666666,2978.0,0.55675,8.310804843902588,1243,0.33845357142857135,0.5,0.3,0.2,0.0,0.8571428571428571,0.5714285714285714,123,burst,M5-NoNeg
7,"[True, False, True]",1,0,1,0.6666666666666666,4768.0,0.51575,7.494055986404419,1240,0.33805833333333335,0.5,0.3,0.2,0.125,0.75,0.625,123,burst,M5-NoNeg
8,"[True, False, True]",1,0,1,0.6666666666666666,4960.0,0.56175,6.736534118652344,1249,0.3611175925925926,0.5,0.3,0.2,0.2222222222222222,0.6666666666666666,0.6666666666666666,123,burst,M5-NoNeg
9,"[True, True, True]",1,1,1,1.0,5222.0,0.484,8.351761102676392,1254,0.4285333333333333,0.5,0.3,0.2,0.3,0.7,0.7,123,burst,M5-NoNeg
10,"[False, True, True]",0,1,1,0.6666666666666666,4994.0,0.6607500000000001,7.5899739265441895,1243,0.4315583333333334,0.5,0.3,0.2,0.3,0.7,0.8,123,burst,M5-NoNeg
11,"[False, True, True]",0,1,1,0.6666666666666666,4140.0,0.56675,7.243406295776367,1251,0.420025,0.5,0.3,0.2,0.3,0.7,0.9,123,burst,M5-NoNeg
12,"[False, True, True]",0,1,1,0.6666666666666666,4254.0,0.425,7.3236401081085205,1257,0.37749999999999995,0.5,0.3,0.2,0.3,0.7,0.9,123,burst,M5-NoNeg
13,"[False, True, True]",0,1,1,0.6666666666666666,4374.0,0.5760000000000001,7.8446269035339355,1244,0.43946666666666667,0.5,0.3,0.2,0.3,0.7,1.0,123,burst,M5-NoNeg
14,"[False, True, True]",0,1,1,0.6666666666666666,4374.0,0.5217499999999999,7.0863940715789795,1258,0.43985833333333335,0.5,0.3,0.2,0.3,0.8,1.0,123,burst,M5-NoNeg
15,"[False, True, True]",0,1,1,0.6666666666666666,4184.0,0.49075,8.26047682762146,1259,0.4305583333333334,0.5,0.3,0.2,0.3,0.8,1.0,123,burst,M5-NoNeg
16,"[False, True, True]",0,1,1,0.6666666666666666,4436.0,0.5217499999999999,7.130218029022217,1259,0.43985833333333335,0.5,0.3,0.2,0.3,0.8,1.0,123,burst,M5-NoNeg
17,"[False, True, True]",0,1,1,0.6666666666666666,3890.0,0.5579999999999999,7.458869934082031,1252,0.4507333333333333,0.5,0.3,0.2,0.2,0.9,1.0,123,burst,M5-NoNeg
18,"[True, True, True]",1,1,1,1.0,4812.0,0.511,7.122718095779419,1248,0.5199666666666667,0.5,0.3,0.2,0.2,1.0,1.0,123,burst,M5-NoNeg
19,"[False, False, True]",0,0,1,0.3333333333333333,4948.0,0.647,8.234336853027344,1262,0.39409999999999995,0.5,0.3,0.2,0.1,0.9,1.0,123,burst,M5-NoNeg
20,"[False, True, True]",0,1,1,0.6666666666666666,5012.0,0.67425,8.517894268035889,1253,0.4689416666666667,0.5,0.3,0.2,0.1,0.9,1.0,123,burst,M5-NoNeg
21,"[False, True, True]",0,1,1,0.6666666666666666,3710.0,0.4225,7.914543151855469,1255,0.39341666666666664,0.5,0.3,0.2,0.1,0.9,1.0,123,burst,M5-NoNeg
22,"[False, True, True]",0,1,1,0.6666666666666666,3708.0,0.48225,7.5019378662109375,1254,0.4113416666666666,0.5,0.3,0.2,0.1,0.9,1.0,123,burst,M5-NoNeg
23,"[True, False, False]",1,0,0,0.3333333333333333,4840.0,0.45475,8.930911779403687,1261,0.3197583333333333,0.5,0.3,0.2,0.2,0.8,0.9,123,burst,M5-NoNeg
24,"[True, False, True]",1,0,1,0.6666666666666666,5550.0,0.43925,7.7256269454956055,1266,0.381775,0.5,0.3,0.2,0.3,0.7,0.9,123,burst,M5-NoNeg
25,"[True, False, True]",1,0,1,0.6666666666666666,6429.999999999999,0.53925,6.262448072433472,1251,0.411775,0.5,0.3,0.2,0.4,0.6,0.9,123,burst,M5-NoNeg
26,"[False, True, True]",0,1,1,0.6666666666666666,3147.692307692308,0.597,8.324747085571289,1251,0.4290999999999999,0.07692307692307693,0.6153846153846154,0.3076923076923077,0.4,0.6,0.9,123,burst,M5-NoNeg
27,"[False, True, False]",0,1,0,0.3333333333333333,3264.878048780488,0.5585,8.329237699508667,1249,0.33421666666666666,0.18292682926829268,0.7560975609756098,0.06097560975609757,0.4,0.6,0.8,123,burst,M5-NoNeg
28,"[False, True, False]",0,1,0,0.3333333333333333,5026.27953924712,0.5855,7.941676139831543,1255,0.30898333333333333,0.23750148438427737,0.7125044531528322,0.04999406246289039,0.3,0.6,0.7,123,burst,M5-NoNeg
29,"[False, True, False]",0,1,0,0.3333333333333333,3888.4390725673693,0.518,7.025227069854736,1246,0.28873333333333334,0.28218031322014764,0.6678267412876827,0.04999294549216949,0.3,0.7,0.6,123,burst,M5-NoNeg
30,"[False, True, False]",0,1,0,0.3333333333333333,4690.544259966262,0.55425,7.2464439868927,1248,0.28294166666666665,0.3551451655864335,0.5948681523572761,0.04998668205629052,0.3,0.7,0.5,123,burst,M5-NoNeg
31,"[True, True, False]",1,1,0,0.6666666666666666,5811.247600767755,0.4225,8.376251935958862,1248,0.3100833333333334,0.3838771593090211,0.5662188099808061,0.04990403071017275,0.4,0.7,0.4,123,burst,M5-NoNeg
32,"[True, True, False]",1,1,0,0.6666666666666666,6141.714901327065,0.4525,8.38752794265747,1255,0.3190833333333334,0.39175358699378093,0.5582488614661377,0.04999755154008129,0.5,0.7,0.3,123,burst,M5-NoNeg
33,"[True, True, False]",1,1,0,0.6666666666666666,6820.400000000001,0.59925,6.886972188949585,1254,0.379775,0.39,0.56,0.05,0.5,0.8,0.3,123,burst,M5-NoNeg
34,"[True, False, False]",1,0,0,0.3333333333333333,7869.629629629629,0.53125,8.42389726638794,1272,0.27604166666666663,0.7222222222222222,0.18518518518518517,0.09259259259259259,0.5,0.8,0.2,123,burst,M5-NoNeg
35,"[True, False, False]",1,0,0,0.3333333333333333,6761.4,0.6145,8.746623039245605,1248,0.28435000000000005,0.72,0.18999999999999997,0.09,0.5,0.8,0.1,123,burst,M5-NoNeg
36,"[True, False, False]",1,0,0,0.3333333333333333,8203.199999999999,0.5607500000000001,8.694845199584961,1252,0.2515583333333333,0.72,0.18999999999999997,0.09,0.6,0.7,0.0,123,burst,M5-NoNeg
37,"[True, False, False]",1,0,0,0.3333333333333333,6811.799999999999,0.5117499999999999,7.172904014587402,1245,0.23685833333333323,0.72,0.18999999999999997,0.09,0.7,0.6,0.0,123,burst,M5-NoNeg
38,"[True, False, False]",1,0,0,0.3333333333333333,5126.999999999999,0.46950000000000003,8.095954179763794,1271,0.22418333333333335,0.72,0.18999999999999997,0.09,0.8,0.5,0.0,123,burst,M5-NoNeg
39,"[True, False, False]",1,0,0,0.3333333333333333,7186.287952987267,0.5155,11.146998167037964,1245,0.23798333333333327,0.7051909892262487,0.24485798237022527,0.04995102840352596,0.9,0.4,0.0,123,burst,M5-NoNeg
40,"[True, False, False]",1,0,0,0.3333333333333333,8408.4,0.48825,7.343824863433838,1268,0.22980833333333334,0.71,0.24,0.05,1.0,0.3,0.0,123,burst,M5-NoNeg
41,"[True, False, False]",1,0,0,0.3333333333333333,8979.572446555818,0.5539999999999999,9.84996485710144,1270,0.2328666666666666,0.67458432304038,0.2755344418052256,0.049881235154394306,1.0,0.2,0.0,123,burst,M5-NoNeg
42,"[False, True, False]",0,1,0,0.3333333333333333,6455.4,0.759,7.996837139129639,1258,0.2777,0.67,0.28,0.05,0.9,0.2,0.0,123,burst,M5-NoNeg
43,"[True, True, False]",1,1,0,0.6666666666666666,7434.0,0.4725,6.552387952804565,1244,0.25841666666666663,0.67,0.28,0.05,0.9,0.2,0.0,123,burst,M5-NoNeg
44,"[True, True, False]",1,1,0,0.6666666666666666,6914.2,0.51475,7.744346857070923,1278,0.28775833333333334,0.67,0.28,0.05,0.9,0.3,0.0,123,burst,M5-NoNeg
45,"[True, True, False]",1,1,0,0.6666666666666666,5858.4,0.5435,7.885735988616943,1265,0.31305000000000005,0.67,0.28,0.05,0.9,0.4,0.0,123,burst,M5-NoNeg
46,"[False, True, False]",0,1,0,0.3333333333333333,5940.4,0.6722499999999999,7.920905113220215,1255,0.28500833333333325,0.67,0.28,0.05,0.8,0.5,0.0,123,burst,M5-NoNeg
47,"[False, True, False]",0,1,0,0.3333333333333333,5699.6,0.545,8.190048933029175,1266,0.2468333333333333,0.67,0.28,0.05,0.7,0.6,0.0,123,burst,M5-NoNeg
48,"[False, True, False]",0,1,0,0.3333333333333333,4750.6,0.5635,7.682193040847778,1252,0.2523833333333333,0.67,0.28,0.05,0.6,0.7,0.0,123,burst,M5-NoNeg
49,"[False, True, False]",0,1,0,0.3333333333333333,5858.4,1.0,10.147662162780762,1248,0.38333333333333325,0.67,0.28,0.05,0.5,0.8,0.0,123,burst,M5-NoNeg
50,"[False, True, False]",0,1,0,0.3333333333333333,5617.6,1.0,8.439674139022827,1260,0.38333333333333325,0.67,0.28,0.05,0.4,0.9,0.0,123,burst,M5-NoNeg
51,"[False, True, False]",0,1,0,0.3333333333333333,5858.4,1.0,7.624946117401123,1254,0.38333333333333325,0.67,0.28,0.05,0.3,1.0,0.0,123,burst,M5-NoNeg
52,"[False, True, False]",0,1,0,0.3333333333333333,4602.4,1.0,7.968494176864624,1256,0.38333333333333325,0.67,0.28,0.05,0.3,1.0,0.0,123,burst,M5-NoNeg
53,"[False, True, False]",0,1,0,0.3333333333333333,4968.4,1.0,6.720227956771851,1251,0.36666666666666664,0.67,0.28,0.05,0.2,1.0,0.0,123,burst,M5-NoNeg
54,"[False, True, False]",0,1,0,0.3333333333333333,5208.6,1.0,8.887083053588867,1252,0.35,0.67,0.28,0.05,0.1,1.0,0.0,123,burst,M5-NoNeg
55,"[False, True, False]",0,1,0,0.3333333333333333,4602.4,1.0,7.49656081199646,1258,0.3333333333333333,0.67,0.28,0.05,0.0,1.0,0.0,123,burst,M5-NoNeg
56,"[False, True, False]",0,1,0,0.3333333333333333,4255.200000000001,1.0,6.792834043502808,1257,0.3333333333333333,0.67,0.28,0.05,0.0,1.0,0.0,123,burst,M5-NoNeg
57,"[False, True, False]",0,1,0,0.3333333333333333,6172.0,0.9640000000000001,8.063955068588257,1263,0.3225333333333333,0.19999999999999998,0.7,0.09999999999999999,0.0,1.0,0.0,123,burst,M5-NoNeg
58,"[False, True, False]",0,1,0,0.3333333333333333,5536.0,1.0,8.518337965011597,1244,0.3333333333333333,0.19999999999999998,0.7,0.09999999999999999,0.0,1.0,0.0,123,burst,M5-NoNeg
59,"[False, True, False]",0,1,0,0.3333333333333333,4863.636363636363,1.0,7.992403984069824,1259,0.3333333333333333,0.27272727272727276,0.6363636363636364,0.09090909090909093,0.0,1.0,0.0,123,burst,M5-NoNeg
60,"[False, True, False]",0,1,0,0.3333333333333333,5591.828978622328,1.0,6.261940002441406,1249,0.3333333333333333,0.4750593824228028,0.4750593824228028,0.049881235154394306,0.0,1.0,0.0,123,burst,M5-NoNeg
61,"[False, True, False]",0,1,0,0.3333333333333333,5579.15517533868,0.9555,7.892418146133423,1255,0.31998333333333334,0.46530790296391433,0.48469573225407747,0.0499963647820081,0.0,1.0,0.0,123,burst,M5-NoNeg
62,"[False, True, False]",0,1,0,0.3333333333333333,5034.2,1.0,7.1529998779296875,1236,0.3333333333333333,0.47,0.48,0.05,0.0,1.0,0.0,123,burst,M5-NoNeg
63,"[False, True, False]",0,1,0,0.3333333333333333,5305.0,0.9725,6.979812860488892,1241,0.32508333333333334,0.5,0.45,0.05,0.0,1.0,0.0,123,burst,M5-NoNeg
64,"[False, True, False]",0,1,0,0.3333333333333333,4727.0,1.0,7.9352381229400635,1256,0.3333333333333333,0.5,0.45,0.05,0.0,1.0,0.0,123,burst,M5-NoNeg
65,"[False, True, False]",0,1,0,0.3333333333333333,5061.413133832087,1.0,5.81087589263916,1244,0.3333333333333333,0.5225032656454103,0.42750267189169927,0.04999406246289039,0.0,1.0,0.0,123,burst,M5-NoNeg
66,"[True, False, True]",1,0,1,0.6666666666666666,6902.985074626866,1.0,8.64556074142456,1246,0.41666666666666663,0.7761194029850746,0.07462686567164178,0.14925373134328357,0.1,0.9,0.1,123,burst,M5-NoNeg
67,"[False, True, True]",0,1,1,0.6666666666666666,3868.8888888888887,1.0,7.686813116073608,1250,0.43333333333333335,0.22222222222222224,0.3333333333333333,0.4444444444444445,0.1,0.9,0.2,123,burst,M5-NoNeg
68,"[False, True, True]",0,1,1,0.6666666666666666,3843.3999999999996,1.0,6.646986961364746,1248,0.44999999999999996,0.22,0.33,0.45,0.1,0.9,0.3,123,burst,M5-NoNeg
69,"[False, True, True]",0,1,1,0.6666666666666666,5278.0,1.0,6.758753061294556,1258,0.4666666666666667,0.4,0.33,0.27,0.1,0.9,0.4,123,burst,M5-NoNeg
70,"[False, True, True]",0,1,1,0.6666666666666666,4529.0,1.0,7.164944887161255,1255,0.4833333333333334,0.4,0.33,0.27,0.1,0.9,0.5,123,burst,M5-NoNeg
71,"[False, True, True]",0,1,1,0.6666666666666666,5710.4,0.8540000000000001,6.97321081161499,1255,0.45620000000000005,0.4,0.33,0.27,0.1,0.9,0.6,123,burst,M5-NoNeg
72,"[False, True, True]",0,1,1,0.6666666666666666,5396.4,1.0,7.66218900680542,1259,0.5166666666666666,0.5,0.33,0.17,0.1,0.9,0.7,123,burst,M5-NoNeg
73,"[False, True, True]",0,1,1,0.6666666666666666,5807.2,1.0,6.5617711544036865,1243,0.5333333333333333,0.5,0.33,0.17,0.1,0.9,0.8,123,burst,M5-NoNeg
74,"[False, True, True]",0,1,1,0.6666666666666666,5705.2,1.0,7.812272310256958,1247,0.55,0.5,0.33,0.17,0.1,0.9,0.9,123,burst,M5-NoNeg
75,"[False, True, True]",0,1,1,0.6666666666666666,5800.0,1.0,7.790524244308472,1253,0.5666666666666667,0.5,0.4,0.1,0.1,0.9,1.0,123,burst,M5-NoNeg
76,"[False, True, False]",0,1,0,0.3333333333333333,7256.0,0.9740000000000001,9.150754690170288,1260,0.4755333333333333,0.5,0.4,0.1,0.0,1.0,0.9,123,burst,M5-NoNeg
77,"[False, True, True]",0,1,1,0.6666666666666666,6358.0,1.0,7.804321050643921,1255,0.55,0.5,0.4,0.1,0.0,1.0,0.9,123,burst,M5-NoNeg
78,"[False, True, False]",0,1,0,0.3333333333333333,7471.999999999998,1.0,6.493515968322754,1250,0.4666666666666666,0.5,0.4,0.1,0.0,1.0,0.8,123,burst,M5-NoNeg
79,"[False, True, True]",0,1,1,0.6666666666666666,7085.999999999999,0.981,8.644116163253784,1256,0.5276333333333334,0.5,0.4,0.1,0.0,1.0,0.8,123,burst,M5-NoNeg
80,"[False, True, True]",0,1,1,0.6666666666666666,5210.0,1.0,7.691216945648193,1256,0.5333333333333333,0.5,0.4,0.1,0.0,1.0,0.8,123,burst,M5-NoNeg
81,"[False, True, True]",0,1,1,0.6666666666666666,5396.0,1.0,7.244358062744141,1260,0.5333333333333333,0.5,0.4,0.1,0.0,1.0,0.8,123,burst,M5-NoNeg
82,"[False, True, True]",0,1,1,0.6666666666666666,5140.0,1.0,6.065845012664795,1257,0.5333333333333333,0.5,0.4,0.1,0.0,1.0,0.8,123,burst,M5-NoNeg
83,"[False, True, True]",0,1,1,0.6666666666666666,5330.0,0.8732500000000001,6.859643936157227,1259,0.49530833333333335,0.5,0.4,0.1,0.0,1.0,0.8,123,burst,M5-NoNeg
84,"[False, True, True]",0,1,1,0.6666666666666666,5050.0,1.0,7.451289892196655,1253,0.5333333333333333,0.5,0.4,0.1,0.0,1.0,0.8,123,burst,M5-NoNeg
85,"[False, True, True]",0,1,1,0.6666666666666666,3389.9999999999995,0.89575,8.083292007446289,1268,0.5020583333333333,0.5,0.4,0.1,0.0,1.0,0.8,123,burst,M5-NoNeg
86,"[False, True, False]",0,1,0,0.3333333333333333,3976.0,1.0,7.807719945907593,1257,0.4666666666666666,0.5,0.4,0.1,0.0,1.0,0.8,123,burst,M5-NoNeg
87,"[False, True, False]",0,1,0,0.3333333333333333,2960.0,0.95,6.961062908172607,1251,0.435,0.5,0.4,0.1,0.0,1.0,0.7,123,burst,M5-NoNeg
88,"[False, True, False]",0,1,0,0.3333333333333333,3046.0,1.0,8.08740782737732,1240,0.4499999999999999,0.5,0.4,0.1,0.0,1.0,0.7,123,burst,M5-NoNeg
89,"[False, True, True]",0,1,1,0.6666666666666666,3146.0,0.95525,6.707383155822754,1259,0.5032416666666667,0.5,0.4,0.1,0.0,1.0,0.7,123,burst,M5-NoNeg
90,"[False, True, True]",0,1,1,0.6666666666666666,4804.0,0.9255,7.099926948547363,1257,0.49431666666666674,0.5,0.4,0.1,0.0,1.0,0.7,123,burst,M5-NoNeg
91,"[False, True, True]",0,1,1,0.6666666666666666,5002.0,1.0,8.210294961929321,1264,0.5166666666666666,0.5,0.4,0.1,0.0,1.0,0.7,123,burst,M5-NoNeg
92,"[False, True, True]",0,1,1,0.6666666666666666,6152.0,0.9732500000000001,7.8336896896362305,1254,0.5086416666666667,0.5,0.4,0.1,0.0,1.0,0.7,123,burst,M5-NoNeg
93,"[False, True, True]",0,1,1,0.6666666666666666,6452.0,1.0,9.5867919921875,1252,0.5166666666666666,0.5,0.4,0.1,0.0,1.0,0.7,123,burst,M5-NoNeg
94,"[False, True, True]",0,1,1,0.6666666666666666,5438.0,1.0,8.718820095062256,1249,0.5166666666666666,0.5,0.4,0.1,0.0,1.0,0.7,123,burst,M5-NoNeg
95,"[False, True, True]",0,1,1,0.6666666666666666,5322.0,0.9734999999999999,7.053670883178711,1255,0.5087166666666667,0.5,0.4,0.1,0.0,1.0,0.7,123,burst,M5-NoNeg
96,"[False, True, True]",0,1,1,0.6666666666666666,4220.0,0.9525,8.250189065933228,1256,0.5190833333333333,0.5,0.4,0.1,0.0,1.0,0.8,123,burst,M5-NoNeg
97,"[False, True, True]",0,1,1,0.6666666666666666,4420.0,1.0,8.20936393737793,1258,0.55,0.5,0.4,0.1,0.0,1.0,0.9,123,burst,M5-NoNeg
98,"[False, True, True]",0,1,1,0.6666666666666666,4740.0,0.8955,7.370326995849609,1257,0.5353166666666667,0.5,0.4,0.1,0.0,1.0,1.0,123,burst,M5-NoNeg
99,"[False, True, False]",0,1,0,0.3333333333333333,5084.0,1.0,8.25686502456665,1269,0.48333333333333334,0.5,0.4,0.1,0.0,1.0,0.9,123,burst,M5-NoNeg
